{
  "project_info": {
    "project_number": "919601696840",
    "project_id": "task9-5b177",
    "storage_bucket": "task9-5b177.appspot.com"
  },
  "client": [
    {
      "client_info": {
        "mobilesdk_app_id": "1:919601696840:android:12bfd16ac1a34cc1c2c87d",
        "android_client_info": {
          "package_name": "com.example.task9"
        }
      },
      "oauth_client": [
        {
          "client_id": "919601696840-f56cgr2gd5t3i9vaio9m4le0cvtvgq5l.apps.googleusercontent.com",
          "client_type": 3
        }
      ],
      "api_key": [
        {
          "current_key": "AIzaSyARenvX4SdW0pfHIGeDqOxH05v92Q2YFJU"
        }
      ],
      "services": {
        "appinvite_service": {
          "other_platform_oauth_client": [
            {
              "client_id": "919601696840-f56cgr2gd5t3i9vaio9m4le0cvtvgq5l.apps.googleusercontent.com",
              "client_type": 3
            }
          ]
        }
      }
    }
  ],
  "configuration_version": "1"
}